<?xml version="1.0" encoding="UTF-8"?>
<Ui xmlns="http://www.blizzard.com/wow/ui/">
    <Button name="KkthnxUIAuraTemplate" inherits="SecureActionButtonTemplate" virtual="true">
        <Size x="26" y="26"/>
        <Attributes>
            <Attribute name="type" value="cancelaura"/>
        </Attributes>
        <Scripts>
            <OnLoad>KkthnxUI[1]:GetModule("Auras"):CreateIcon(self)
                self:RegisterForClicks("RightButtonUp")</OnLoad>
            <OnEnter>GameTooltip:SetOwner(self, "ANCHOR_BOTTOMLEFT", -5, -5)
                if(self:GetAttribute"index") then
                    GameTooltip:SetUnitAura(SecureButton_GetUnit(self:GetParent()), self:GetID(), self:GetParent():GetAttribute("filter"))
                elseif(self:GetAttribute"target-slot") then
                    GameTooltip:SetInventoryItem("player", self:GetID())
                end</OnEnter>
            <OnLeave function="GameTooltip_Hide"/>
        </Scripts>
    </Button>
    <!-- Theres gotta be a better way to do this.. -->
    <Button name="KkthnxUIAuraTemplate16" inherits="KkthnxUIAuraTemplate" virtual="true">
        <Size x="16" y="16"/>
    </Button>
    <Button name="KkthnxUIAuraTemplate18" inherits="KkthnxUIAuraTemplate" virtual="true">
        <Size x="18" y="18"/>
    </Button>
    <Button name="KkthnxUIAuraTemplate20" inherits="KkthnxUIAuraTemplate" virtual="true">
        <Size x="20" y="20"/>
    </Button>
    <Button name="KkthnxUIAuraTemplate22" inherits="KkthnxUIAuraTemplate" virtual="true">
        <Size x="22" y="22"/>
    </Button>
    <Button name="KkthnxUIAuraTemplate24" inherits="KkthnxUIAuraTemplate" virtual="true">
        <Size x="24" y="24"/>
    </Button>
    <Button name="KkthnxUIAuraTemplate26" inherits="KkthnxUIAuraTemplate" virtual="true">
        <Size x="26" y="26"/>
    </Button>
    <Button name="KkthnxUIAuraTemplate28" inherits="KkthnxUIAuraTemplate" virtual="true">
        <Size x="28" y="28"/>
    </Button>
    <Button name="KkthnxUIAuraTemplate30" inherits="KkthnxUIAuraTemplate" virtual="true">
        <Size x="30" y="30"/>
    </Button>
    <Button name="KkthnxUIAuraTemplate32" inherits="KkthnxUIAuraTemplate" virtual="true">
        <Size x="32" y="32"/>
    </Button>
    <Button name="KkthnxUIAuraTemplate34" inherits="KkthnxUIAuraTemplate" virtual="true">
        <Size x="34" y="34"/>
    </Button>
    <Button name="KkthnxUIAuraTemplate36" inherits="KkthnxUIAuraTemplate" virtual="true">
        <Size x="36" y="36"/>
    </Button>
    <Button name="KkthnxUIAuraTemplate38" inherits="KkthnxUIAuraTemplate" virtual="true">
        <Size x="38" y="38"/>
    </Button>
    <Button name="KkthnxUIAuraTemplate40" inherits="KkthnxUIAuraTemplate" virtual="true">
        <Size x="40" y="40"/>
    </Button>
    <Button name="KkthnxUIAuraTemplate42" inherits="KkthnxUIAuraTemplate" virtual="true">
        <Size x="42" y="42"/>
    </Button>
    <Button name="KkthnxUIAuraTemplate44" inherits="KkthnxUIAuraTemplate" virtual="true">
        <Size x="44" y="44"/>
    </Button>
    <Button name="KkthnxUIAuraTemplate46" inherits="KkthnxUIAuraTemplate" virtual="true">
        <Size x="46" y="46"/>
    </Button>
    <Button name="KkthnxUIAuraTemplate48" inherits="KkthnxUIAuraTemplate" virtual="true">
        <Size x="48" y="48"/>
    </Button>
    <Button name="KkthnxUIAuraTemplate50" inherits="KkthnxUIAuraTemplate" virtual="true">
        <Size x="50" y="50"/>
    </Button>
    <Button name="KkthnxUIAuraTemplate52" inherits="KkthnxUIAuraTemplate" virtual="true">
        <Size x="52" y="52"/>
    </Button>
    <Button name="KkthnxUIAuraTemplate54" inherits="KkthnxUIAuraTemplate" virtual="true">
        <Size x="54" y="54"/>
    </Button>
    <Button name="KkthnxUIAuraTemplate56" inherits="KkthnxUIAuraTemplate" virtual="true">
        <Size x="56" y="56"/>
    </Button>
    <Button name="KkthnxUIAuraTemplate58" inherits="KkthnxUIAuraTemplate" virtual="true">
        <Size x="58" y="58"/>
    </Button>
    <Button name="KkthnxUIAuraTemplate60" inherits="KkthnxUIAuraTemplate" virtual="true">
        <Size x="60" y="60"/>
    </Button>
    <Script file="auras.lua"/>
</Ui>