<?xml version="1.0" encoding="UTF-8"?>
<Ui xmlns="http://www.blizzard.com/wow/ui/">
    <!-- Libraries -->
    <Include file="Libraries\Load_Libraries.xml"/>
    <!-- Engine -->
    <Script file="Init.lua"/>
    <!-- Settings -->
    <Script file="Config\Settings.lua"/>
    <!-- Media -->
    <Script file="Media\Media.lua"/>
    <!-- Locales -->
    <Include file="Locales\Load_Locales.xml"/>
    <!-- Core -->
    <Include file="Core\Load_Core.xml"/>
    <!-- Filters -->
    <Include file="Config\Filters\Load_Filters.xml"/>
    <!-- AddOnData -->
    <Include file="Config\AddOnData\Load_AddOnData.xml"/>
    <!-- Developer -->
    <Include file="Developer\Load_Developer.xml"/>
    <!-- Panels -->
    <Script file="Modules\Panels\Panels.lua"/>
    <!-- DataText -->
    <Include file="Modules\Datatext\Load_Datatext.xml"/>
    <!-- Unitframes -->
    <Include file="Modules\Unitframes\Load_Unitframes.xml"/>
    <!-- ActionBars -->
    <Include file="Modules\Actionbars\Load_Actionbars.xml"/>
    <!-- Announcements -->
    <Include file="Modules\Announcements\Load_Announcements.xml"/>
    <!-- Auras -->
    <Include file="Modules\Auras\Load_Auras.xml"/>
    <!-- Automation -->
    <Include file="Modules\Automation\Load_Automation.xml"/>
    <!-- Blizzard -->
    <Include file="Modules\Blizzard\Load_Blizzard.xml"/>
    <!-- Chat -->
    <Include file="Modules\Chat\Load_Chat.xml"/>
    <!-- DataBars -->
    <Include file="Modules\Databars\Load_Databars.xml"/>
    <!-- Inventory -->
    <Include file="Modules\Inventory\Load_Inventory.xml"/>
    <!-- Loot -->
    <Include file="Modules\Loot\Load_Loot.xml"/>
    <!-- Maps -->
    <Include file="Modules\Maps\Load_Maps.xml"/>
    <!-- Miscellaneous -->
    <Include file="Modules\Miscellaneous\Load_Miscellaneous.xml"/>
    <!-- Nameplates -->
    <Script file="Modules\Nameplates\Nameplates.lua"/>
    <!-- Quests -->
    <Include file="Modules\Quests\Load_Quests.xml"/>
    <!-- Skins -->
    <Include file="Modules\Skins\Load_Skins.xml"/>
    <!-- Tooltip -->
    <Include file="Modules\Tooltip\Load_Tooltip.xml"/>
    <!-- Debug -->
    <Script file="Developer\Debug.lua"/>
</Ui>